{"precision": 0.7799043062200957, "recall": 0.622533418204965, "fbeta": 0.6923893805309733}