{"workclass": {" Private": {"precision": 0.788659793814433, "recall": 0.6113886113886113, "fbeta": 0.6888013505908834, "samples": 4578}, " State-gov": {"precision": 0.78125, "recall": 0.684931506849315, "fbeta": 0.7299270072992701, "samples": 254}, " Self-emp-not-inc": {"precision": 0.7428571428571429, "recall": 0.4968152866242038, "fbeta": 0.5954198473282444, "samples": 498}, " Self-emp-inc": {"precision": 0.7796610169491526, "recall": 0.7796610169491526, "fbeta": 0.7796610169491526, "samples": 212}, " Federal-gov": {"precision": 0.75, "recall": 0.7714285714285715, "fbeta": 0.7605633802816902, "samples": 191}, " Local-gov": {"precision": 0.7575757575757576, "recall": 0.6818181818181818, "fbeta": 0.7177033492822965, "samples": 387}, " ?": {"precision": 0.85, "recall": 0.40476190476190477, "fbeta": 0.5483870967741935, "samples": 389}, " Without-pay": {"precision": 1.0, "recall": 1.0, "fbeta": 1.0, "samples": 4}}, "education": {" Some-college": {"precision": 0.7386934673366834, "recall": 0.5306859205776173, "fbeta": 0.6176470588235294, "samples": 1485}, " HS-grad": {"precision": 0.8253968253968254, "recall": 0.30144927536231886, "fbeta": 0.44161358811040347, "samples": 2085}, " Bachelors": {"precision": 0.7586206896551724, "recall": 0.7822222222222223, "fbeta": 0.7702407002188184, "samples": 1053}, " Masters": {"precision": 0.8148148148148148, "recall": 0.8502415458937198, "fbeta": 0.8321513002364066, "samples": 369}, " Assoc-acdm": {"precision": 0.7, "recall": 0.5957446808510638, "fbeta": 0.6436781609195402, "samples": 198}, " 7th-8th": {"precision": 1.0, "recall": 0.0, "fbeta": 0.0, "samples": 141}, " 11th": {"precision": 1.0, "recall": 0.2727272727272727, "fbeta": 0.42857142857142855, "samples": 225}, " Assoc-voc": {"precision": 0.7142857142857143, "recall": 0.5555555555555556, "fbeta": 0.6250000000000001, "samples": 273}, " Prof-school": {"precision": 0.8351648351648352, "recall": 0.9047619047619048, "fbeta": 0.8685714285714285, "samples": 116}, " 9th": {"precision": 1.0, "recall": 0.3333333333333333, "fbeta": 0.5, "samples": 115}, " 5th-6th": {"precision": 1.0, "recall": 0.5, "fbeta": 0.6666666666666666, "samples": 62}, " 10th": {"precision": 1.0, "recall": 0.08333333333333333, "fbeta": 0.15384615384615385, "samples": 183}, " Doctorate": {"precision": 0.85, "recall": 0.8947368421052632, "fbeta": 0.8717948717948718, "samples": 77}, " 12th": {"precision": 1.0, "recall": 0.4, "fbeta": 0.5714285714285715, "samples": 98}, " 1st-4th": {"precision": 1.0, "recall": 1.0, "fbeta": 1.0, "samples": 23}, " Preschool": {"precision": 1.0, "recall": 1.0, "fbeta": 1.0, "samples": 10}}, "marital-status": {" Divorced": {"precision": 0.8611111111111112, "recall": 0.30097087378640774, "fbeta": 0.4460431654676259, "samples": 920}, " Married-civ-spouse": {"precision": 0.7698209718670077, "recall": 0.6861702127659575, "fbeta": 0.7255926074728808, "samples": 2950}, " Never-married": {"precision": 0.9696969696969697, "recall": 0.3106796116504854, "fbeta": 0.47058823529411764, "samples": 2126}, " Separated": {"precision": 1.0, "recall": 0.42105263157894735, "fbeta": 0.5925925925925926, "samples": 209}, " Widowed": {"precision": 1.0, "recall": 0.10526315789473684, "fbeta": 0.1904761904761905, "samples": 208}, " Married-spouse-absent": {"precision": 1.0, "recall": 0.25, "fbeta": 0.4, "samples": 96}, " Married-AF-spouse": {"precision": 1.0, "recall": 0.0, "fbeta": 0.0, "samples": 4}}, "occupation": {" Adm-clerical": {"precision": 0.676923076923077, "recall": 0.4583333333333333, "fbeta": 0.546583850931677, "samples": 726}, " Exec-managerial": {"precision": 0.8042328042328042, "recall": 0.7657430730478589, "fbeta": 0.784516129032258, "samples": 838}, " Machine-op-inspct": {"precision": 0.65, "recall": 0.2765957446808511, "fbeta": 0.3880597014925373, "samples": 378}, " Craft-repair": {"precision": 0.8452380952380952, "recall": 0.39226519337016574, "fbeta": 0.5358490566037736, "samples": 821}, " Prof-specialty": {"precision": 0.7858942065491183, "recall": 0.7959183673469388, "fbeta": 0.7908745247148288, "samples": 828}, " Sales": {"precision": 0.7636363636363637, "recall": 0.65625, "fbeta": 0.7058823529411765, "samples": 729}, " Handlers-cleaners": {"precision": 0.5714285714285714, "recall": 0.3333333333333333, "fbeta": 0.4210526315789474, "samples": 273}, " Other-service": {"precision": 1.0, "recall": 0.19230769230769232, "fbeta": 0.32258064516129037, "samples": 667}, " Protective-serv": {"precision": 0.7037037037037037, "recall": 0.4523809523809524, "fbeta": 0.5507246376811594, "samples": 136}, " Priv-house-serv": {"precision": 1.0, "recall": 1.0, "fbeta": 1.0, "samples": 26}, " Transport-moving": {"precision": 0.7307692307692307, "recall": 0.296875, "fbeta": 0.42222222222222217, "samples": 317}, " ?": {"precision": 0.85, "recall": 0.40476190476190477, "fbeta": 0.5483870967741935, "samples": 389}, " Farming-fishing": {"precision": 0.5, "recall": 0.17857142857142858, "fbeta": 0.2631578947368421, "samples": 193}, " Tech-support": {"precision": 0.7755102040816326, "recall": 0.7450980392156863, "fbeta": 0.76, "samples": 189}, " Armed-Forces": {"precision": 1.0, "recall": 1.0, "fbeta": 1.0, "samples": 3}}, "relationship": {" Not-in-family": {"precision": 0.921875, "recall": 0.31382978723404253, "fbeta": 0.46825396825396826, "samples": 1702}, " Wife": {"precision": 0.7218045112781954, "recall": 0.6713286713286714, "fbeta": 0.6956521739130435, "samples": 322}, " Husband": {"precision": 0.7757459095283927, "recall": 0.6888888888888889, "fbeta": 0.729741964689905, "samples": 2590}, " Unmarried": {"precision": 0.9166666666666666, "recall": 0.24444444444444444, "fbeta": 0.3859649122807018, "samples": 702}, " Own-child": {"precision": 1.0, "recall": 0.17647058823529413, "fbeta": 0.3, "samples": 1019}, " Other-relative": {"precision": 1.0, "recall": 0.375, "fbeta": 0.5454545454545454, "samples": 178}}, "race": {" White": {"precision": 0.7814159292035399, "recall": 0.6183473389355743, "fbeta": 0.6903831118060986, "samples": 5595}, " Black": {"precision": 0.7647058823529411, "recall": 0.6, "fbeta": 0.6724137931034482, "samples": 599}, " Other": {"precision": 0.8, "recall": 0.6666666666666666, "fbeta": 0.7272727272727272, "samples": 55}, " Asian-Pac-Islander": {"precision": 0.7704918032786885, "recall": 0.7580645161290323, "fbeta": 0.7642276422764228, "samples": 193}, " Amer-Indian-Eskimo": {"precision": 0.7142857142857143, "recall": 0.5, "fbeta": 0.588235294117647, "samples": 71}}, "sex": {" Female": {"precision": 0.7466666666666667, "recall": 0.48068669527896996, "fbeta": 0.5848563968668407, "samples": 2126}, " Male": {"precision": 0.7844202898550725, "recall": 0.6472346786248132, "fbeta": 0.7092547092547093, "samples": 4387}}, "native-country": {" United-States": {"precision": 0.7797513321492007, "recall": 0.6118466898954704, "fbeta": 0.6856696602889496, "samples": 5870}, " Mexico": {"precision": 1.0, "recall": 0.3333333333333333, "fbeta": 0.5, "samples": 114}, " Puerto-Rico": {"precision": 0.8571428571428571, "recall": 1.0, "fbeta": 0.923076923076923, "samples": 22}, " El-Salvador": {"precision": 1.0, "recall": 1.0, "fbeta": 1.0, "samples": 20}, " ?": {"precision": 0.8076923076923077, "recall": 0.6774193548387096, "fbeta": 0.7368421052631579, "samples": 125}, " Columbia": {"precision": 1.0, "recall": 1.0, "fbeta": 1.0, "samples": 6}, " Poland": {"precision": 0.6666666666666666, "recall": 1.0, "fbeta": 0.8, "samples": 14}, " Cambodia": {"precision": 1.0, "recall": 1.0, "fbeta": 1.0, "samples": 3}, " Germany": {"precision": 0.75, "recall": 0.6923076923076923, "fbeta": 0.7199999999999999, "samples": 32}, " Philippines": {"precision": 1.0, "recall": 0.75, "fbeta": 0.8571428571428571, "samples": 35}, " Canada": {"precision": 0.75, "recall": 0.75, "fbeta": 0.75, "samples": 22}, " Ecuador": {"precision": 1.0, "recall": 0.5, "fbeta": 0.6666666666666666, "samples": 5}, " Italy": {"precision": 0.75, "recall": 0.75, "fbeta": 0.75, "samples": 14}, " Cuba": {"precision": 0.8, "recall": 0.8,